Team,Tournament
Bristol Open,Spring Startup 2024
Ka-Pow!,Spring Startup 2024
Reading 1,Spring Startup 2024
Devon,Spring Startup 2024
Lemmings 1,Spring Startup 2024
Fire of London,Spring Startup 2024
Manchester Ultimate,Spring Startup 2024
SOLENT 1,Spring Startup 2024
LLLeeds 1,Spring Startup 2024
Brighton Ultimate,Spring Startup 2024
Cambridge Ultimate,Spring Startup 2024
SOLENT 2,Spring Startup 2024
Zimmer,Spring Startup 2024
Brizzle,Spring Startup 2024
DED,Spring Startup 2024
Bristol Open 2,Spring Startup 2024
Brixton,Spring Startup 2024
Bristol Open,Windfarm 2024
GB Open Masters,Windfarm 2024
Lemmings 1,Windfarm 2024
Frothing,Windfarm 2024
SMASH'D,Windfarm 2024
Ranelagh 1,Windfarm 2024
XVI,Windfarm 2024
Alba,Windfarm 2024
SMOG Open,Windfarm 2024
Rebel Ultimate,Windfarm 2024
Newcastle Brown,Windfarm 2024
Ka-Pow!,Windfarm 2024
SOLENT Open 1,Windfarm 2024
GB U20 Open,Windfarm 2024
LLLeeds 1,Windfarm 2024
Fire of London,Windfarm 2024
Cambridge Ultimate Open,Windfarm 2024
Manchester Ultimate,Windfarm 2024
Reading 2,Windfarm 2024
Flyght Open,Windfarm 2024
Sheffield Steal 1,Windfarm 2024
Lemmings 2,Windfarm 2024
DED,Windfarm 2024
Brizzle,Windfarm 2024
Brixton,Windfarm 2024
Brighton Ultimate Open,Windfarm 2024
Birmingham Ultimate,Windfarm 2024
Curve,Windfarm 2024
Red Leicester,Windfarm 2024
South Wales Storm,Windfarm 2024